Beds,Baths,Rent,Neigh,Type,Zest,ROI
2,1,109.0,Neigh_North,Townhouse,617169.0,-0.9353211198255904
1,2,110.0,Neigh_North,Townhouse,999818.0,-0.9597086488289526
1,1,150.0,Neigh_North,Townhouse,2873266.0,-0.9808814248259325
2,2,250.0,Neigh_South,Townhouse,1105194.0,-0.9171597143184935
1,2,130.0,Neigh_South,Condominium,892581.0,-0.9466621123678264
3,2,239.0,Neigh_South,Condominium,1000056.0,-0.9124787163129131
3,2,250.0,Neigh_North,Townhouse,3025946.0,-0.9697434829658274
3,2,330.0,Neigh_North,Townhouse,2064789.0,-0.9414700221497682
2,1,139.0,Neigh_South,Townhouse,1426630.0,-0.9643184636509967
1,1,149.0,Neigh_North,Condominium,1934358.0,-0.9717908816934001
1,1,189.0,Neigh_South,Condominium,1374972.0,-0.9496605985138054
2,2,125.0,Neigh_North,Townhouse,1451134.0,-0.9684541239149911
2,2,199.0,Neigh_North,Townhouse,802982.0,-0.9092414885912568
2,1,120.0,Neigh_South,Condominium,550000.0,-0.9200978152493207
3,2,305.0,Neigh_North,Townhouse,1610000.0,-0.9306232324434447
1,1,175.0,Neigh_South,Condominium,630886.0,-0.8984155446698123
2,2,499.0,Neigh_South,Condominium,1210000.0,-0.8489727644295871
3,2,375.0,Neigh_South,Condominium,930000.0,-0.8523313117846987
1,1,131.0,Neigh_North,Condominium,850000.0,-0.943559290085427
3,2,229.0,Neigh_South,Condominium,1298693.0,-0.935424306274667
2,2,200.0,Neigh_South,Condominium,1081137.0,-0.9322531100547022
2,1,195.0,Neigh_South,Condominium,922585.0,-0.9225951238954463
3,2,350.0,Neigh_North,Townhouse,1472757.0,-0.9129683842134978
3,3,328.0,Neigh_South,Condominium,1207402.0,-0.9005139814727368
2,2,189.0,Neigh_North,Townhouse,3749185.0,-0.9815385830413074
2,2,100.0,Neigh_South,Condominium,754096.0,-0.9514361106843231
1,1,179.0,Neigh_South,Condominium,1299300.0,-0.9495473839201597
2,2,140.0,Neigh_South,Townhouse,214665.0,-0.7611600934090206
3,2,180.0,Neigh_North,Townhouse,802982.0,-0.9179068741026443
2,2,300.0,Neigh_North,Condominium,1593976.0,-0.9310745556820277
2,2,148.0,Neigh_South,Condominium,641876.0,-0.915559523455396
1,1,189.0,Neigh_South,Townhouse,1349510.0,-0.9487108153772287
2,2,240.0,Neigh_South,Condominium,804781.0,-0.8907871790887865
2,1,118.0,Neigh_South,Condominium,762565.0,-0.9433310407383951
3,2,220.0,Neigh_South,Townhouse,967359.0,-0.9167134059948082
2,2,161.0,Neigh_South,Townhouse,1266270.0,-0.9534371391325661
1,1,89.0,Neigh_South,Townhouse,1030014.0,-0.9683563205326516
3,3,150.0,Neigh_South,Condominium,945850.0,-0.9419223428491915
1,1,145.0,Neigh_North,Condominium,1164794.0,-0.9544111145127616
2,2,175.0,Neigh_North,Condominium,1332475.0,-0.9519028794645747
2,2,187.0,Neigh_North,Condominium,1709769.0,-0.9599461501251175
3,3,235.0,Neigh_North,Townhouse,1126289.0,-0.9235886069278155
1,1,155.0,Neigh_North,Condominium,1692492.0,-0.9664613813536714
1,1,125.0,Neigh_North,Townhouse,2520606.0,-0.9818387747443498
3,2,200.0,Neigh_South,Townhouse,702881.0,-0.8957950643781957
3,2,325.0,Neigh_South,Condominium,1345235.0,-0.9115240365426613
3,2,150.0,Neigh_South,Townhouse,471018.0,-0.883374410285611
2,2,197.0,Neigh_South,Townhouse,966030.0,-0.9253180394869026
3,2,229.0,Neigh_North,Townhouse,1285691.0,-0.9347712619818962
3,2,275.0,Neigh_North,Townhouse,1742784.0,-0.9422131225884358
2,1,168.0,Neigh_North,Townhouse,2166993.0,-0.9716082690354685
2,1,189.0,Neigh_North,Condominium,2495774.0,-0.9722670131429064
2,3,140.0,Neigh_South,Townhouse,1255880.0,-0.9591755832178611
3,2,250.0,Neigh_South,Townhouse,1339093.0,-0.9316294038625496
2,1,146.0,Neigh_North,Condominium,3710403.0,-0.9855897381958251
2,2,167.0,Neigh_North,Townhouse,1010662.0,-0.9394867285885398
2,2,200.0,Neigh_South,Condominium,539792.0,-0.8643113099957216
2,2,75.0,Neigh_North,Townhouse,1448653.0,-0.9810400585868071
2,2,300.0,Neigh_North,Condominium,1411466.0,-0.9221621321149895
1,1,140.0,Neigh_North,Condominium,4649349.0,-0.9889725274337648
2,1,306.0,Neigh_North,Condominium,1324044.0,-0.9153632250039819
2,2,350.0,Neigh_North,Condominium,1221755.0,-0.8950882776244979
2,2,180.0,Neigh_South,Condominium,1524389.0,-0.9567569023265645
2,1,150.0,Neigh_North,Townhouse,1876059.0,-0.9707190701272763
2,2,168.0,Neigh_South,Condominium,617608.0,-0.9003823100445215
3,3,300.0,Neigh_North,Townhouse,3394338.0,-0.9676327154124945
1,2,60.0,Neigh_South,Townhouse,1134008.0,-0.9806235045904114
2,1,179.0,Neigh_North,Condominium,2104363.0,-0.9688489656620382
2,2,145.0,Neigh_North,Townhouse,1832188.0,-0.9710173517770979
2,2,164.0,Neigh_North,Townhouse,1172791.0,-0.9487889923516404
2,2,174.0,Neigh_North,Condominium,2692264.0,-0.9763314473102687
1,2,275.0,Neigh_South,Condominium,1335328.0,-0.9245802938582615
3,2,224.0,Neigh_South,Townhouse,636820.0,-0.8711835217528279
3,2,259.0,Neigh_North,Condominium,1018215.0,-0.9068462438537517
1,1,70.0,Neigh_South,Condominium,1203841.0,-0.978705423495149
2,1,229.0,Neigh_North,Condominium,1587211.0,-0.9471626636841391
2,2,149.0,Neigh_North,Townhouse,621991.0,-0.9122711845198433
2,2,150.0,Neigh_North,Townhouse,744281.0,-0.9261935317224381
1,1,175.0,Neigh_North,Condominium,2256883.0,-0.9716032197125679
2,2,121.0,Neigh_North,Townhouse,1469152.0,-0.9698380971065979
3,2,225.0,Neigh_North,Townhouse,1114144.0,-0.9260426587369873
2,2,189.0,Neigh_South,Condominium,1631226.0,-0.9575685603709873
3,2,240.0,Neigh_South,Townhouse,1931477.0,-0.9544947192093163
2,1,66.0,Neigh_South,Townhouse,1392777.0,-0.9826458859623037
2,2,198.0,Neigh_South,Townhouse,659858.0,-0.8901108531513726
3,2,216.0,Neigh_South,Townhouse,1188967.0,-0.9334690004826268
2,2,100.0,Neigh_North,Townhouse,1983852.0,-0.9815400369193897
2,1,150.0,Neigh_North,Condominium,2062179.0,-0.9733617925426977
3,1,175.0,Neigh_South,Condominium,3520829.0,-0.9817974088814195
2,1,143.0,Neigh_North,Townhouse,1092483.0,-0.9520640379862437
3,2,271.0,Neigh_North,Townhouse,1486380.0,-0.9332302829856836
1,1,175.0,Neigh_North,Condominium,3598893.0,-0.9821922433688802
2,1,115.0,Neigh_North,Condominium,632889.0,-0.9334557720563891
2,2,239.0,Neigh_North,Condominium,2605097.0,-0.966401947843411
2,2,172.0,Neigh_South,Townhouse,716181.0,-0.9120479939496875
3,2,189.0,Neigh_North,Townhouse,1801861.0,-0.961586788581208
2,1,128.0,Neigh_North,Townhouse,1299637.0,-0.9639315067306754
1,1,158.0,Neigh_South,Condominium,1975192.0,-0.9707053801401162
2,2,189.0,Neigh_North,Townhouse,920963.0,-0.924844681555854
2,1,150.0,Neigh_South,Condominium,645669.0,-0.9149211871468321
3,2,220.0,Neigh_North,Condominium,1621804.0,-0.9503219647440329
3,2,280.0,Neigh_North,Condominium,1228829.0,-0.9165537783558939
1,1,150.0,Neigh_South,Condominium,591988.0,-0.9072063082087947
2,2,250.0,Neigh_North,Townhouse,4859421.0,-0.981159363081839
2,2,150.0,Neigh_South,Condominium,1524803.0,-0.9639738694007737
2,2,232.0,Neigh_South,Townhouse,800723.0,-0.8938925740217831
2,2,78.0,Neigh_South,Townhouse,1226551.0,-0.9767110939142621
2,1,122.0,Neigh_North,Condominium,1969408.0,-0.9773136707546524
3,2,255.0,Neigh_South,Condominium,798654.0,-0.8830711692079968
2,2,150.0,Neigh_North,Condominium,1444951.0,-0.9619829655011886
3,2,550.0,Neigh_South,Townhouse,998982.0,-0.7983746546727859
1,2,55.0,Neigh_South,Townhouse,888004.0,-0.9773176595234175
1,1,89.0,Neigh_North,Townhouse,1004729.0,-0.9675599760105646
2,2,150.0,Neigh_South,Townhouse,1033284.0,-0.946836734125282
3,3,250.0,Neigh_South,Townhouse,900506.0,-0.898329842673467
2,2,275.0,Neigh_South,Condominium,513454.0,-0.8038577061181031
3,2,148.0,Neigh_North,Townhouse,1050634.0,-0.9484118015193262
1,1,209.0,Neigh_South,Condominium,631018.0,-0.8787045148066222
2,2,160.0,Neigh_North,Condominium,1596609.0,-0.9633003850762262
2,2,189.0,Neigh_North,Condominium,3022675.0,-0.9771013200095029
2,1,165.0,Neigh_South,Townhouse,1464987.0,-0.9587531990265434
2,2,175.0,Neigh_North,Condominium,3705646.0,-0.9827052528262439
2,2,199.0,Neigh_North,Townhouse,1445382.0,-0.9495791071093902
3,3,300.0,Neigh_North,Townhouse,2249234.0,-0.9511542578352522
2,2,215.0,Neigh_North,Condominium,3246269.0,-0.9757454035520782
2,2,105.0,Neigh_South,Condominium,513336.0,-0.9250920909282332
2,2,230.0,Neigh_North,Condominium,2930261.0,-0.9712550452816292
2,1,350.0,Neigh_South,Condominium,998888.0,-0.8716808877763257
1,1,130.0,Neigh_North,Condominium,434000.0,-0.890303260182919
1,1,139.0,Neigh_South,Condominium,485174.0,-0.8950802182277314
1,2,148.0,Neigh_South,Condominium,505220.0,-0.8927193790377574
1,1,106.0,Neigh_North,Condominium,516264.0,-0.9248075698517844
2,1,119.0,Neigh_South,Condominium,567000.0,-0.9231393593190481
3,2,169.0,Neigh_South,Townhouse,594907.0,-0.8959654187884879
3,3,184.0,Neigh_North,Condominium,609886.0,-0.889513489723643
2,2,120.0,Neigh_North,Townhouse,619152.0,-0.9290219500011732
1,1,149.0,Neigh_South,Condominium,652924.0,-0.916427434633559
1,1,175.0,Neigh_North,Condominium,660429.0,-0.9029597266542796
2,2,225.0,Neigh_South,Condominium,672898.0,-0.8775458865620969
2,2,195.0,Neigh_South,Townhouse,693348.0,-0.8970032687468346
3,2,183.0,Neigh_South,Condominium,702484.0,-0.9045985994561694
2,2,250.0,Neigh_North,Condominium,718935.0,-0.8726524836132796
2,2,200.0,Neigh_South,Condominium,735330.0,-0.9003934704761272
2,2,168.0,Neigh_North,Condominium,738659.0,-0.9167075981501299
1,1,95.0,Neigh_North,Condominium,748008.0,-0.9534888090187204
2,2,125.0,Neigh_South,Condominium,768984.0,-0.9404704215604702
2,2,175.0,Neigh_North,Condominium,776825.0,-0.9174998092421836
2,2,158.0,Neigh_South,Condominium,787630.0,-0.9265359384605925
1,1,80.0,Neigh_North,Condominium,803045.0,-0.9635170286323733
3,2,173.0,Neigh_South,Condominium,861402.0,-0.9264503983135716
3,2,184.0,Neigh_South,Condominium,862548.0,-0.9218777670269872
2,2,320.0,Neigh_South,Townhouse,875000.0,-0.8660687188940993
3,2,177.0,Neigh_North,Condominium,900647.0,-0.9280287977653967
3,2,180.0,Neigh_South,Condominium,928395.0,-0.9289964913433285
2,2,350.0,Neigh_North,Condominium,941532.0,-0.8638639776758713
2,2,299.0,Neigh_South,Condominium,946238.0,-0.8842793402025598
3,3,174.0,Neigh_South,Condominium,949748.0,-0.9329064211362732
2,2,200.0,Neigh_South,Condominium,985674.0,-0.9256917912466095
2,2,189.0,Neigh_North,Townhouse,992850.0,-0.9302862793571274
3,2,269.0,Neigh_South,Townhouse,1000609.0,-0.9015472224593305
3,2,197.0,Neigh_South,Condominium,1001942.0,-0.9279948197455865
3,2,177.0,Neigh_South,Condominium,1015325.0,-0.9361577353271231
2,2,250.0,Neigh_North,Condominium,1021476.0,-0.9103703007280769
2,1,161.0,Neigh_North,Condominium,1021807.0,-0.942297171745148
2,2,185.0,Neigh_North,Condominium,1023821.0,-0.9338259381735868
2,2,200.0,Neigh_South,Condominium,1044181.0,-0.9298553896740226
3,2,249.0,Neigh_North,Townhouse,1051419.0,-0.9132711427635292
3,2,199.0,Neigh_South,Townhouse,1066626.0,-0.9316747847811553
3,2,208.0,Neigh_North,Condominium,1067897.0,-0.9286696974249566
3,2,258.0,Neigh_North,Townhouse,1089237.0,-0.9132564047423304
2,1,120.0,Neigh_South,Townhouse,1114155.0,-0.9605564740876505
2,2,157.0,Neigh_South,Condominium,1129903.0,-0.9491139677976697
2,2,130.0,Neigh_North,Condominium,1145460.0,-0.9584373220534866
2,2,161.0,Neigh_North,Condominium,1184677.0,-0.9502301860924071
2,2,173.0,Neigh_North,Condominium,1208851.0,-0.9475900884460592
2,2,210.0,Neigh_North,Townhouse,1227607.0,-0.9373530349513085
2,2,159.0,Neigh_South,Condominium,1243718.0,-0.9531817364249311
3,2,194.0,Neigh_South,Condominium,1244465.0,-0.9429101185857812
2,2,2000.0,Neigh_North,Condominium,1260176.0,-0.4187822228419727
2,1,250.0,Neigh_North,Condominium,1271823.0,-0.9280131066245172
2,2,195.0,Neigh_North,Condominium,1366779.0,-0.9477511890211074
3,3,339.0,Neigh_North,Townhouse,1388893.0,-0.9106136905028911
3,2,200.0,Neigh_North,Townhouse,1439552.0,-0.9491205115516568
3,2,190.0,Neigh_North,Condominium,1451666.0,-0.9520678407519015
2,2,220.0,Neigh_North,Townhouse,1507344.0,-0.9465496686288807
3,2,195.0,Neigh_North,Townhouse,1565935.0,-0.9543962057039918
3,2,258.0,Neigh_North,Townhouse,1583978.0,-0.9403499711058623
3,2,350.0,Neigh_South,Townhouse,1653835.0,-0.922497455084164
2,1,223.0,Neigh_North,Condominium,1713001.0,-0.9523253685604444
2,2,490.0,Neigh_North,Condominium,1714800.0,-0.8953539830188745
3,2,193.0,Neigh_North,Condominium,1722200.0,-0.9589593886149276
3,2,250.0,Neigh_North,Townhouse,1791204.0,-0.9488865664137157
1,1,160.0,Neigh_North,Condominium,1808205.0,-0.967594970988449
3,2,350.0,Neigh_North,Townhouse,1838821.0,-0.9302942367033651
3,2,210.0,Neigh_North,Condominium,1917006.0,-0.9598823097984415
2,2,199.0,Neigh_North,Townhouse,1947121.0,-0.9625716886582726
2,3,150.0,Neigh_North,Townhouse,1986875.0,-0.9723521852073773
2,2,170.0,Neigh_North,Condominium,2100752.0,-0.9703643652598827
2,1,260.0,Neigh_North,Condominium,2128175.0,-0.9552589565420013
2,2,217.0,Neigh_North,Condominium,2281876.0,-0.9651736635777113
3,3,264.0,Neigh_North,Condominium,2766646.0,-0.9650545665949594
1,1,139.0,Neigh_North,Condominium,2832302.0,-0.9820272166592479
2,2,195.0,Neigh_North,Condominium,2893838.0,-0.9753225378818996
3,3,264.0,Neigh_North,Condominium,2939553.0,-0.9671100866191826
3,2,294.0,Neigh_North,Condominium,3249563.0,-0.9668668698063277
2,2,157.0,Neigh_North,Condominium,5075000.0,-0.9886706836564514
